18827102, 19309771, 9413814, 9655176, 4707162, 4717696, 57751, 420981, 43941, 3762, 622386, 120384, 935
18827073, 19309781, 9413816, 9655176, 4707188, 4717616, 57731, 420802, 43983, 3762, 621987, 120192, 935
18827056, 19309782, 9413834, 9655166, 4707154, 4717620, 57654, 420822, 43960, 3760, 621961, 120184, 934
18827076, 19309764, 9413828, 9655144, 4707155, 4717616, 57696, 420797, 43970, 3761, 621962, 120237, 933
18827069, 19309772, 9413814, 9655169, 4707174, 4717630, 57681, 420800, 43935, 3761, 622086, 120294, 942
18827094, 19309767, 9413837, 9655158, 4707167, 4717650, 57734, 420732, 43989, 3761, 621968, 120168, 935
18827073, 19309764, 9413839, 9655163, 4707170, 4717619, 57693, 420742, 43989, 3762, 621954, 120181, 932
18827060, 19309784, 9413835, 9655181, 4707153, 4717631, 57708, 420774, 43988, 3762, 621971, 120357, 935
18827061, 19309790, 9413843, 9655181, 4707170, 4717620, 57676, 420706, 43944, 3761, 622012, 120210, 938
18827047, 19309775, 9413801, 9655167, 4707158, 4717617, 57719, 420716, 43921, 3762, 621963, 120190, 933
18827079, 19309784, 9413794, 9655154, 4707153, 4717598, 57738, 420849, 44008, 3761, 621955, 120265, 934
18827057, 19309772, 9413808, 9655166, 4707177, 4717620, 57725, 420706, 43920, 3788, 621959, 120187, 932
18827053, 19309781, 9413804, 9655176, 4707165, 4717617, 57684, 420843, 44015, 3764, 622023, 120373, 936
18827070, 19309776, 9413803, 9655145, 4707179, 4717596, 57681, 420760, 43911, 3798, 621962, 120370, 936
18827066, 19309773, 9413789, 9655163, 4707165, 4717614, 57736, 420718, 43965, 3762, 621969, 120404, 932
18827049, 19309784, 9413786, 9655151, 4707185, 4717599, 57743, 420802, 43996, 3760, 621967, 120367, 936
18827069, 19309775, 9413795, 9655139, 4707188, 4717611, 57702, 420763, 43916, 3771, 621961, 120176, 933
18827046, 19309788, 9413789, 9655139, 4707170, 4717599, 57668, 420717, 43948, 3781, 621968, 120187, 933
18827029, 19309772, 9413830, 9655154, 4707171, 4717635, 57615, 420765, 43987, 3762, 621988, 120172, 933
18827051, 19309784, 9413825, 9655175, 4707195, 4717598, 57749, 420755, 43926, 3762, 621949, 120367, 938
18827052, 19309773, 9413834, 9655158, 4707166, 4717632, 57719, 420768, 43989, 3762, 621967, 120168, 935
18827069, 19309781, 9413825, 9655163, 4707156, 4717637, 57750, 420747, 43981, 3762, 621954, 120268, 932
18827070, 19309784, 9413812, 9655170, 4707164, 4717619, 57701, 420818, 43974, 3760, 621966, 120180, 933
18827079, 19309771, 9413825, 9655173, 4707167, 4717629, 57661, 420789, 43988, 3761, 622071, 120219, 933
18827074, 19309766, 9413836, 9655182, 4707164, 4717614, 57723, 420806, 43983, 3762, 621960, 120382, 938
18827036, 19309779, 9413786, 9655169, 4707179, 4717619, 57696, 420850, 43967, 3762, 622009, 120177, 936
18827041, 19309766, 9413807, 9655170, 4707151, 4717602, 57732, 420714, 43988, 3762, 621959, 120174, 934
18827043, 19309774, 9413781, 9655166, 4707167, 4717602, 57682, 420709, 43920, 3777, 622021, 120238, 936
18827055, 19309773, 9413798, 9655182, 4707176, 4717595, 57708, 420752, 43950, 3764, 621978, 120219, 935
18827076, 19309779, 9413797, 9655181, 4707179, 4717621, 57699, 420690, 43989, 3765, 621989, 120348, 934
18827046, 19309781, 9413801, 9655140, 4707169, 4717614, 57722, 420800, 44022, 3777, 621974, 120188, 933
18827069, 19309760, 9413796, 9655151, 4707177, 4717601, 57726, 420717, 43912, 3794, 621999, 120243, 936
18827053, 19309788, 9413794, 9655136, 4707179, 4717611, 57730, 420756, 43959, 3782, 621966, 120184, 934
18827071, 19309770, 9413807, 9655161, 4707171, 4717608, 57710, 420773, 43957, 3762, 621952, 120224, 933
18827051, 19309764, 9413808, 9655147, 4707156, 4717605, 57724, 420753, 43951, 3790, 621968, 120196, 933
18827052, 19309780, 9413822, 9655148, 4707198, 4717601, 57684, 420726, 43934, 3761, 621963, 120245, 936
18827055, 19309799, 9413801, 9655163, 4707194, 4717604, 57660, 420801, 43980, 3762, 622014, 120236, 941
18827056, 19309805, 9413798, 9655155, 4707194, 4717607, 57716, 420795, 43960, 3783, 621960, 120186, 936
18827054, 19309759, 9413829, 9655161, 4707196, 4717607, 57696, 420768, 44019, 3762, 621965, 120307, 933
18827082, 19309796, 9413825, 9655139, 4707171, 4717620, 57684, 420764, 43927, 3761, 621968, 120189, 934
18827071, 19309743, 9413822, 9655149, 4707173, 4717608, 57660, 420762, 43980, 3762, 621990, 120316, 936
18827072, 19309763, 9413829, 9655165, 4707180, 4717616, 57738, 420758, 43955, 3780, 621980, 120236, 936
18827038, 19309781, 9413810, 9655160, 4707176, 4717611, 57652, 420810, 43947, 3761, 621958, 120174, 933
18827040, 19309788, 9413810, 9655159, 4707158, 4717631, 57668, 420834, 43986, 3762, 621988, 120369, 937
18827061, 19309785, 9413834, 9655165, 4707180, 4717613, 57680, 420740, 43983, 3762, 621961, 120263, 936
18827064, 19309770, 9413800, 9655176, 4707167, 4717604, 57701, 420795, 43984, 3762, 621982, 120212, 933
18827076, 19309781, 9413814, 9655154, 4707170, 4717629, 57678, 420783, 43984, 3760, 621979, 120314, 936
18827088, 19309785, 9413837, 9655157, 4707170, 4717628, 57647, 420784, 43973, 3761, 621956, 120219, 934
18827055, 19309790, 9413819, 9655158, 4707168, 4717633, 57705, 420797, 43973, 3760, 621955, 120274, 933
18827074, 19309768, 9413820, 9655174, 4707179, 4717611, 57703, 420822, 43947, 3762, 622017, 120186, 932
18827060, 19309778, 9413783, 9655169, 4707167, 4717622, 57714, 420790, 44001, 3764, 621962, 120173, 933
18827047, 19309799, 9413787, 9655160, 4707173, 4717622, 57722, 420749, 43989, 3780, 621975, 120252, 938
18827062, 19309772, 9413802, 9655175, 4707156, 4717619, 57716, 420726, 43912, 3761, 621956, 120386, 937
18827056, 19309778, 9413795, 9655185, 4707174, 4717597, 57719, 420718, 43910, 3759, 621967, 120234, 938
18827064, 19309778, 9413798, 9655136, 4707176, 4717605, 57716, 420708, 43913, 3786, 621949, 120248, 933
18827068, 19309778, 9413799, 9655161, 4707179, 4717614, 57740, 420694, 43961, 3783, 621963, 120286, 937
18827067, 19309769, 9413787, 9655143, 4707174, 4717619, 57717, 420726, 43978, 3761, 621985, 120244, 934
18827049, 19309769, 9413790, 9655154, 4707169, 4717611, 57683, 420831, 43957, 3762, 621963, 120278, 933
18827046, 19309770, 9413810, 9655134, 4707164, 4717613, 57752, 420710, 43953, 3789, 621963, 120231, 934
18827066, 19309769, 9413804, 9655163, 4707187, 4717618, 57714, 420733, 43914, 3782, 621995, 120369, 941
18827076, 19309775, 9413799, 9655148, 4707173, 4717620, 57697, 420820, 43962, 3789, 621994, 120202, 932
18827062, 19309813, 9413789, 9655152, 4707177, 4717610, 57681, 420738, 43956, 3763, 621973, 120348, 933
18827052, 19309787, 9413801, 9655152, 4707194, 4717602, 57711, 420798, 43916, 3781, 621951, 120297, 938
18827082, 19309812, 9413803, 9655152, 4707177, 4717596, 57721, 420780, 43919, 3777, 621968, 120321, 937
18827068, 19309773, 9413832, 9655137, 4707183, 4717610, 57660, 420743, 43962, 3762, 621955, 120253, 934
18827100, 19309803, 9413822, 9655162, 4707195, 4717623, 57711, 420680, 43926, 3761, 621971, 120237, 933
18827034, 19309761, 9413818, 9655158, 4707170, 4717618, 57708, 420799, 43991, 3762, 621948, 120173, 934
18827039, 19309778, 9413811, 9655163, 4707164, 4717634, 57666, 420747, 43969, 3763, 621950, 120241, 936
18827051, 19309787, 9413829, 9655144, 4707165, 4717625, 57797, 420857, 43925, 3761, 622000, 120178, 934
18827071, 19309760, 9413831, 9655158, 4707168, 4717619, 57732, 420690, 44003, 3760, 622015, 120201, 933
18827086, 19309782, 9413810, 9655156, 4707176, 4717644, 57685, 420763, 43966, 3762, 621986, 120238, 933
18827099, 19309775, 9413814, 9655146, 4707156, 4717610, 57730, 420806, 43988, 3761, 621965, 120366, 936
18827074, 19309779, 9413817, 9655191, 4707177, 4717644, 57672, 420777, 43960, 3761, 621945, 120376, 937
18827069, 19309761, 9413812, 9655157, 4707153, 4717604, 57704, 420808, 43987, 3764, 621979, 120169, 933
18827049, 19309782, 9413786, 9655165, 4707177, 4717616, 57693, 420724, 43977, 3762, 621948, 120328, 939
18827064, 19309793, 9413801, 9655172, 4707164, 4717599, 57682, 420831, 43987, 3765, 621986, 120234, 934
18827066, 19309785, 9413791, 9655173, 4707170, 4717610, 57731, 420771, 44009, 3762, 621952, 120233, 933
18827054, 19309784, 9413790, 9655179, 4707178, 4717624, 57728, 420859, 43984, 3762, 621964, 120186, 933
18827055, 19309779, 9413795, 9655142, 4707165, 4717612, 57708, 420732, 43923, 3767, 621955, 120184, 933
18827043, 19309803, 9413812, 9655137, 4707194, 4717608, 57772, 420720, 43918, 3788, 621964, 120184, 933
18827060, 19309787, 9413807, 9655157, 4707184, 4717617, 57684, 420810, 43977, 3762, 621978, 120215, 934
18827069, 19309788, 9413808, 9655156, 4707171, 4717598, 57718, 420768, 43950, 3789, 621953, 120229, 933
18827086, 19309766, 9413822, 9655154, 4707191, 4717624, 57770, 420726, 43981, 3762, 621984, 120382, 936
18827064, 19309779, 9413819, 9655151, 4707190, 4717608, 57738, 420795, 43987, 3762, 621958, 120195, 936
18827040, 19309778, 9413832, 9655181, 4707197, 4717623, 57723, 420798, 43979, 3762, 621962, 120178, 933
18827068, 19309790, 9413819, 9655187, 4707200, 4717602, 57732, 420759, 43944, 3788, 621952, 120339, 935
18827055, 19309787, 9413810, 9655148, 4707167, 4717620, 57701, 420783, 43946, 3761, 621957, 120222, 932
18827079, 19309775, 9413832, 9655155, 4707176, 4717622, 57713, 420721, 43970, 3823, 621984, 120170, 934
18827060, 19309791, 9413814, 9655165, 4707176, 4717605, 57696, 420885, 43934, 3761, 621999, 120186, 933
18827056, 19309756, 9413834, 9655167, 4707177, 4717616, 57701, 420701, 44025, 3784, 621963, 120215, 933
18827053, 19309793, 9413829, 9655166, 4707170, 4717631, 57716, 420770, 43988, 3761, 621982, 120196, 933
18827058, 19309786, 9413784, 9655163, 4707177, 4717626, 57689, 420696, 43982, 3765, 621976, 120238, 933
18827062, 19309766, 9413810, 9655158, 4707151, 4717619, 57702, 420789, 44033, 3762, 621977, 120177, 934
18827067, 19309764, 9413791, 9655181, 4707179, 4717603, 57709, 420828, 43983, 3762, 621967, 120213, 934
18827073, 19309780, 9413798, 9655173, 4707168, 4717609, 57711, 420716, 43917, 3760, 621957, 120182, 932
18827035, 19309778, 9413810, 9655138, 4707172, 4717609, 57698, 420728, 43920, 3777, 621966, 120169, 933
18827058, 19309784, 9413802, 9655153, 4707168, 4717613, 57690, 420812, 43917, 3776, 621966, 120209, 937
18827059, 19309801, 9413825, 9655136, 4707186, 4717618, 57738, 420684, 43961, 3780, 621979, 120238, 934
18827070, 19309789, 9413804, 9655136, 4707209, 4717610, 57693, 420763, 44019, 3761, 621966, 120175, 933
18827064, 19309742, 9413841, 9655155, 4707200, 4717613, 57777, 420775, 43955, 3786, 621949, 120169, 936
18827085, 19309752, 9413824, 9655163, 4707183, 4717603, 57681, 420712, 43961, 3760, 621946, 120241, 932
18827021, 19309772, 9413835, 9655145, 4707165, 4717637, 57657, 420823, 43986, 3760, 621969, 120268, 934
18827039, 19309767, 9413839, 9655178, 4707177, 4717613, 57666, 420789, 43981, 3761, 621969, 120201, 936
18827072, 19309772, 9413816, 9655199, 4707203, 4717606, 57687, 420693, 43963, 3761, 621969, 120192, 933
18827064, 19309779, 9413829, 9655148, 4707158, 4717601, 57717, 420744, 44001, 3761, 621967, 120236, 933
18827069, 19309769, 9413814, 9655157, 4707174, 4717634, 57722, 420705, 43959, 3762, 621968, 120174, 934
18827060, 19309776, 9413798, 9655175, 4707163, 4717625, 57729, 420780, 43987, 3763, 621993, 120176, 935
18827058, 19309755, 9413830, 9655168, 4707174, 4717614, 57706, 420792, 43977, 3761, 621947, 120219, 937
18827065, 19309763, 9413820, 9655166, 4707177, 4717629, 57698, 420768, 43975, 3762, 621951, 120178, 934
18827061, 19309782, 9413835, 9655170, 4707173, 4717637, 57705, 420739, 43967, 3762, 621973, 120181, 932
18827063, 19309775, 9413784, 9655169, 4707179, 4717611, 57704, 420761, 43941, 3764, 622027, 120241, 939
18827076, 19309781, 9413795, 9655163, 4707176, 4717597, 57696, 420789, 43922, 3762, 621957, 120357, 938
18827056, 19309791, 9413804, 9655176, 4707176, 4717613, 57696, 420792, 44028, 3762, 621989, 120214, 935
18827052, 19309784, 9413809, 9655190, 4707177, 4717607, 57702, 420811, 43941, 3780, 621953, 120351, 933
18827052, 19309779, 9413792, 9655139, 4707158, 4717603, 57646, 420764, 43956, 3790, 621994, 120169, 933
18827059, 19309783, 9413789, 9655152, 4707175, 4717619, 57720, 420775, 43983, 3762, 621967, 120410, 936
18827055, 19309793, 9413804, 9655149, 4707171, 4717614, 57694, 420760, 43913, 3776, 621996, 120215, 936
18827067, 19309786, 9413801, 9655157, 4707159, 4717596, 57728, 420660, 43944, 3760, 621963, 120179, 935
18827044, 19309785, 9413817, 9655182, 4707199, 4717605, 57721, 420852, 43933, 3762, 621953, 120175, 934
18827029, 19309760, 9413838, 9655138, 4707171, 4717636, 57673, 420816, 43983, 3762, 622030, 120327, 933
18827070, 19309772, 9413801, 9655146, 4707179, 4717631, 57693, 420762, 43962, 3762, 621954, 120321, 935
18827044, 19309765, 9413822, 9655170, 4707161, 4717644, 57674, 420729, 43965, 3766, 621959, 120265, 935
18827061, 19309768, 9413827, 9655145, 4707173, 4717644, 57708, 420780, 43978, 3762, 621993, 120254, 934
18827092, 19309772, 9413821, 9655144, 4707167, 4717605, 57727, 420707, 43914, 3760, 621965, 120249, 933
18827068, 19309778, 9413807, 9655187, 4707159, 4717600, 57706, 420723, 43923, 3761, 621959, 120220, 933
18827075, 19309758, 9413816, 9655156, 4707155, 4717641, 57660, 420740, 43997, 3773, 621993, 120258, 936
18827064, 19309776, 9413812, 9655155, 4707171, 4717644, 57733, 420790, 43957, 3762, 621978, 120175, 933
18827059, 19309782, 9413801, 9655180, 4707163, 4717638, 57656, 420742, 43938, 3763, 621954, 120220, 933
18827055, 19309760, 9413790, 9655192, 4707174, 4717596, 57738, 420710, 43918, 3782, 622012, 120183, 935
18827052, 19309779, 9413788, 9655156, 4707158, 4717595, 57783, 420747, 43980, 3769, 621948, 120384, 934
18827081, 19309782, 9413802, 9655159, 4707162, 4717607, 57725, 420680, 43962, 3791, 621955, 120363, 936
18827053, 19309783, 9413808, 9655167, 4707153, 4717604, 57754, 420828, 43989, 3762, 621944, 120268, 934
18827068, 19309771, 9413783, 9655163, 4707173, 4717624, 57757, 420728, 43914, 3760, 621947, 120232, 933
18827052, 19309767, 9413789, 9655140, 4707203, 4717616, 57690, 420704, 43956, 3788, 621984, 120262, 938
18827046, 19309766, 9413800, 9655158, 4707197, 4717617, 57736, 420803, 43962, 3762, 621950, 120331, 933
18827076, 19309772, 9413784, 9655160, 4707185, 4717596, 57742, 420792, 43918, 3792, 621967, 120265, 937
18827058, 19309767, 9413808, 9655148, 4707161, 4717605, 57702, 420768, 43955, 3786, 621963, 120178, 933
18827060, 19309789, 9413799, 9655148, 4707165, 4717616, 57715, 420780, 43983, 3761, 621962, 120228, 935
18827053, 19309790, 9413801, 9655161, 4707164, 4717619, 57681, 420863, 43925, 3761, 621950, 120171, 936
18827060, 19309796, 9413808, 9655143, 4707174, 4717598, 57719, 420844, 43934, 3763, 621961, 120180, 932
18827050, 19309759, 9413827, 9655157, 4707201, 4717601, 57735, 420784, 43917, 3774, 621969, 120264, 936
18827067, 19309766, 9413837, 9655161, 4707186, 4717616, 57703, 420841, 43956, 3761, 621981, 120245, 935
18827085, 19309749, 9413836, 9655147, 4707182, 4717623, 57719, 420803, 43981, 3762, 621955, 120187, 933
18827053, 19309773, 9413799, 9655164, 4707162, 4717617, 57695, 420740, 43959, 3762, 621947, 120195, 936
18827031, 19309776, 9413831, 9655148, 4707168, 4717638, 57779, 420803, 43980, 3761, 621986, 120174, 944
18827073, 19309790, 9413816, 9655181, 4707195, 4717620, 57725, 420756, 43955, 3786, 621983, 120231, 936
18827077, 19309784, 9413802, 9655152, 4707160, 4717598, 57725, 420813, 43986, 3762, 621950, 120387, 936
18827072, 19309782, 9413816, 9655160, 4707153, 4717611, 57699, 420836, 43992, 3761, 621964, 120214, 932
18827055, 19309768, 9413816, 9655163, 4707179, 4717629, 57720, 420782, 43962, 3760, 621951, 120360, 936
18827049, 19309787, 9413808, 9655162, 4707173, 4717635, 57721, 420782, 43954, 3760, 621959, 120228, 932
18827055, 19309776, 9413807, 9655175, 4707170, 4717629, 57673, 420784, 43947, 3770, 621970, 120237, 933
18827045, 19309779, 9413785, 9655175, 4707161, 4717603, 57716, 420795, 43914, 3784, 621958, 120283, 936
18827037, 19309764, 9413797, 9655167, 4707154, 4717602, 57747, 420735, 43970, 3762, 621968, 120251, 935
18827055, 19309776, 9413791, 9655185, 4707157, 4717617, 57718, 420682, 43962, 3784, 621967, 120216, 933
18827068, 19309779, 9413789, 9655182, 4707167, 4717596, 57678, 420785, 43916, 3805, 621948, 120209, 933
18827058, 19309790, 9413792, 9655184, 4707179, 4717599, 57708, 420731, 43917, 3791, 621978, 120204, 933
18827058, 19309781, 9413807, 9655158, 4707173, 4717620, 57709, 420762, 43977, 3763, 621964, 120198, 933
18827058, 19309782, 9413797, 9655139, 4707164, 4717623, 57692, 420743, 43920, 3784, 621982, 120190, 934
18827074, 19309758, 9413787, 9655139, 4707171, 4717620, 57706, 420744, 43919, 3810, 621973, 120367, 938
18827038, 19309769, 9413795, 9655154, 4707153, 4717602, 57661, 420755, 43952, 3760, 621983, 120222, 937
18827052, 19309757, 9413805, 9655159, 4707186, 4717608, 57697, 420766, 43923, 3787, 621964, 120342, 933
18827082, 19309771, 9413808, 9655146, 4707191, 4717608, 57740, 420682, 43924, 3761, 621980, 120178, 933
18827042, 19309788, 9413799, 9655136, 4707201, 4717619, 57699, 420806, 43918, 3780, 621966, 120169, 933
18827046, 19309760, 9413825, 9655151, 4707180, 4717616, 57719, 420808, 43978, 3760, 621959, 120203, 935
18827081, 19309814, 9413802, 9655153, 4707171, 4717613, 57684, 420768, 43946, 3789, 621984, 120217, 935
18827079, 19309811, 9413804, 9655139, 4707167, 4717610, 57665, 420787, 43940, 3760, 622045, 120185, 933
18827039, 19309776, 9413825, 9655181, 4707203, 4717605, 57672, 420725, 43961, 3760, 621958, 120184, 934
18827086, 19309760, 9413824, 9655163, 4707183, 4717607, 57735, 420813, 43913, 3771, 621952, 120179, 934
18827036, 19309772, 9413825, 9655152, 4707173, 4717638, 57742, 420686, 43987, 3761, 621973, 120175, 934
18827066, 19309770, 9413807, 9655142, 4707152, 4717616, 57714, 420817, 43984, 3760, 621985, 120272, 933
18827067, 19309788, 9413823, 9655151, 4707153, 4717613, 57726, 420795, 43984, 3760, 621983, 120170, 933
18827094, 19309769, 9413826, 9655139, 4707167, 4717602, 57698, 420806, 43964, 3761, 621989, 120224, 934
18827066, 19309787, 9413798, 9655176, 4707158, 4717628, 57720, 420824, 43989, 3761, 621984, 120370, 936
18827054, 19309785, 9413818, 9655152, 4707167, 4717638, 57686, 420776, 43965, 3762, 621955, 120169, 933
18827062, 19309777, 9413831, 9655187, 4707153, 4717608, 57729, 420803, 43956, 3760, 621962, 120174, 933
18827061, 19309778, 9413810, 9655166, 4707176, 4717641, 57719, 420758, 43967, 3762, 621961, 120278, 936
18827064, 19309790, 9413783, 9655170, 4707173, 4717608, 57721, 420804, 43918, 3780, 621969, 120184, 933
18827068, 19309786, 9413798, 9655164, 4707163, 4717613, 57704, 420740, 43962, 3763, 621949, 120240, 933
18827064, 19309791, 9413806, 9655169, 4707167, 4717601, 57714, 420846, 44008, 3760, 621964, 120375, 936
18827062, 19309766, 9413798, 9655148, 4707164, 4717600, 57717, 420789, 43973, 3762, 621996, 120273, 936
18827054, 19309764, 9413791, 9655136, 4707176, 4717614, 57678, 420874, 43962, 3762, 621964, 120181, 933
18827047, 19309796, 9413795, 9655145, 4707170, 4717599, 57735, 420764, 43958, 3789, 621960, 120256, 935
18827056, 19309778, 9413786, 9655160, 4707164, 4717607, 57660, 420767, 43963, 3777, 621961, 120223, 933
18827064, 19309796, 9413795, 9655152, 4707171, 4717606, 57754, 420744, 43925, 3762, 621985, 120174, 937
18827054, 19309791, 9413803, 9655146, 4707194, 4717617, 57743, 420809, 44016, 3774, 621970, 120370, 934
18827074, 19309755, 9413831, 9655157, 4707183, 4717621, 57737, 420801, 43961, 3762, 621985, 120354, 938
18827054, 19309797, 9413823, 9655160, 4707201, 4717610, 57701, 420790, 43960, 3786, 621949, 120270, 936
18827067, 19309805, 9413811, 9655141, 4707192, 4717601, 57668, 420809, 43977, 3768, 621965, 120184, 935
18827050, 19309752, 9413813, 9655146, 4707178, 4717600, 57768, 420844, 43959, 3790, 621960, 120378, 935
18827079, 19309799, 9413817, 9655136, 4707189, 4717599, 57696, 420809, 43987, 3761, 621955, 120206, 933
18827079, 19309745, 9413832, 9655148, 4707204, 4717599, 57730, 420793, 43917, 3783, 622011, 120333, 937
18827092, 19309752, 9413836, 9655151, 4707183, 4717616, 57722, 420845, 43932, 3761, 621963, 120213, 934
18827040, 19309764, 9413836, 9655142, 4707156, 4717620, 57682, 420814, 43954, 3760, 621962, 120235, 933
18827073, 19309763, 9413816, 9655148, 4707153, 4717614, 57716, 420744, 43965, 3762, 621945, 120282, 933
18827076, 19309782, 9413806, 9655152, 4707161, 4717643, 57653, 420789, 43963, 3761, 622048, 120387, 935
18827058, 19309790, 9413834, 9655145, 4707171, 4717625, 57677, 420809, 43945, 3762, 621973, 120397, 937
18827064, 19309784, 9413816, 9655160, 4707162, 4717622, 57706, 420813, 43984, 3760, 621966, 120204, 937
18827071, 19309778, 9413816, 9655170, 4707175, 4717606, 57665, 420791, 43977, 3762, 621982, 120208, 934
18827055, 19309776, 9413824, 9655156, 4707160, 4717628, 57732, 420697, 44028, 3784, 621998, 120360, 938
18827052, 19309790, 9413789, 9655163, 4707167, 4717611, 57689, 420787, 43914, 3762, 621954, 120228, 933
18827041, 19309764, 9413797, 9655173, 4707170, 4717601, 57720, 420811, 43948, 3839, 621944, 120285, 938
18827061, 19309772, 9413790, 9655163, 4707174, 4717603, 57735, 420686, 43967, 3786, 621988, 120414, 936
18827070, 19309782, 9413801, 9655173, 4707153, 4717596, 57757, 420696, 43983, 3762, 621980, 120190, 934
18827042, 19309777, 9413784, 9655148, 4707178, 4717598, 57798, 420646, 43917, 3778, 622002, 120261, 936
18827067, 19309765, 9413801, 9655136, 4707168, 4717614, 57727, 420712, 43984, 3762, 622001, 120195, 934
18827074, 19309778, 9413787, 9655152, 4707167, 4717604, 57746, 420749, 43926, 3782, 621960, 120173, 933
18827071, 19309780, 9413787, 9655139, 4707173, 4717623, 57741, 420782, 43918, 3855, 621964, 120291, 937
18827054, 19309767, 9413798, 9655159, 4707189, 4717604, 57710, 420769, 43915, 3775, 621950, 120191, 932
18827046, 19309788, 9413797, 9655151, 4707200, 4717617, 57738, 420855, 43920, 3829, 622018, 120188, 933
18827077, 19309779, 9413789, 9655139, 4707162, 4717621, 57698, 420805, 43915, 3835, 621983, 120230, 939
18827049, 19309784, 9413801, 9655161, 4707188, 4717617, 57762, 420760, 43962, 3760, 621993, 120171, 933
18827062, 19309787, 9413801, 9655154, 4707194, 4717597, 57688, 420783, 44018, 3761, 621951, 120211, 933
18827055, 19309803, 9413807, 9655146, 4707173, 4717619, 57697, 420814, 43915, 3823, 622016, 120196, 933
18827078, 19309787, 9413804, 9655142, 4707186, 4717610, 57704, 420811, 43979, 3762, 621976, 120187, 937
18827081, 19309749, 9413815, 9655145, 4707167, 4717614, 57640, 420734, 43985, 3827, 621966, 120179, 933
18827061, 19309776, 9413835, 9655158, 4707197, 4717617, 57762, 420746, 43984, 3806, 621947, 120364, 941
18827062, 19309784, 9413810, 9655176, 4707172, 4717617, 57698, 420807, 43965, 3840, 621963, 120221, 933
18827076, 19309784, 9413822, 9655170, 4707178, 4717599, 57690, 420747, 43954, 3811, 621950, 120178, 934
18827056, 19309784, 9413817, 9655164, 4707163, 4717627, 57768, 420695, 43967, 3761, 621969, 120193, 933
18827085, 19309769, 9413834, 9655139, 4707162, 4717600, 57702, 420762, 44001, 3827, 621982, 120255, 934
18827090, 19309782, 9413823, 9655149, 4707174, 4717625, 57680, 420779, 43967, 3762, 621965, 120273, 933
18827047, 19309773, 9413832, 9655161, 4707155, 4717635, 57707, 420746, 43952, 3826, 621963, 120260, 936
18827070, 19309781, 9413831, 9655160, 4707171, 4717627, 57690, 420837, 43945, 3823, 621966, 120350, 936
18827042, 19309784, 9413808, 9655172, 4707168, 4717605, 57716, 420698, 43978, 3762, 621970, 120218, 934
18827059, 19309779, 9413803, 9655169, 4707168, 4717595, 57708, 420852, 44004, 3762, 621972, 120175, 934
18827063, 19309767, 9413806, 9655167, 4707156, 4717610, 57728, 420846, 43998, 3760, 621993, 120198, 933
18827063, 19309779, 9413786, 9655186, 4707174, 4717603, 57709, 420648, 43973, 3834, 621989, 120240, 941
18827051, 19309767, 9413785, 9655154, 4707171, 4717613, 57712, 420780, 43954, 3785, 621952, 120354, 935
18827044, 19309762, 9413792, 9655151, 4707168, 4717598, 57738, 420732, 43913, 3845, 621942, 120315, 933
18827060, 19309778, 9413783, 9655145, 4707180, 4717608, 57709, 420786, 43941, 3820, 621982, 120318, 936
18827059, 19309769, 9413787, 9655135, 4707159, 4717622, 57750, 420706, 44019, 3762, 621962, 120182, 932
18827064, 19309796, 9413808, 9655151, 4707162, 4717597, 57722, 420742, 43917, 3770, 621964, 120291, 932
18827054, 19309785, 9413807, 9655154, 4707195, 4717615, 57696, 420753, 43974, 3772, 621970, 120241, 934
18827050, 19309782, 9413807, 9655160, 4707183, 4717598, 57708, 420833, 43926, 3791, 621967, 120252, 933
18827058, 19309806, 9413803, 9655139, 4707152, 4717620, 57760, 420799, 43894, 3760, 621954, 120385, 933
18827061, 19309794, 9413812, 9655160, 4707171, 4717605, 57692, 420774, 43955, 3780, 621944, 120195, 933
18827088, 19309802, 9413818, 9655155, 4707180, 4717619, 57654, 420748, 43944, 3760, 621970, 120338, 935
18827079, 19309790, 9413814, 9655154, 4707173, 4717607, 57759, 420767, 43922, 3761, 621993, 120177, 933
18827086, 19309796, 9413804, 9655146, 4707186, 4717614, 57693, 420856, 43933, 3820, 621967, 120209, 932
18827043, 19309775, 9413823, 9655163, 4707158, 4717638, 57669, 420760, 43986, 3824, 621953, 120225, 933
18827071, 19309789, 9413802, 9655179, 4707202, 4717612, 57724, 420758, 43953, 3841, 622006, 120326, 937
18827069, 19309775, 9413819, 9655163, 4707162, 4717631, 57649, 420776, 43969, 3798, 621956, 120184, 933
18827082, 19309783, 9413801, 9655157, 4707170, 4717620, 57646, 420765, 43981, 3829, 621980, 120193, 936
18827095, 19309787, 9413816, 9655155, 4707152, 4717633, 57684, 420786, 43932, 3790, 621971, 120299, 933
18827095, 19309789, 9413814, 9655146, 4707173, 4717638, 57687, 420754, 43981, 3762, 622014, 120421, 936
18827067, 19309769, 9413825, 9655175, 4707164, 4717616, 57660, 420825, 43968, 3760, 621996, 120234, 939
18827071, 19309760, 9413817, 9655176, 4707164, 4717643, 57720, 420748, 43959, 3833, 621955, 120188, 933
18827039, 19309770, 9413807, 9655154, 4707164, 4717610, 57714, 420789, 44031, 3762, 621972, 120186, 933
18827043, 19309766, 9413798, 9655164, 4707178, 4717613, 57705, 420816, 43950, 3846, 621973, 120375, 937
18827069, 19309791, 9413798, 9655173, 4707166, 4717620, 57696, 420766, 44025, 3789, 621953, 120248, 933
18827056, 19309786, 9413795, 9655181, 4707164, 4717620, 57733, 420705, 43909, 3793, 621960, 120262, 934
18827043, 19309760, 9413801, 9655146, 4707152, 4717624, 57727, 420718, 43918, 3791, 621969, 120173, 933
18827037, 19309752, 9413839, 9655143, 4707184, 4717605, 57789, 420795, 43959, 3806, 621958, 120187, 932
18827062, 19309802, 9413823, 9655136, 4707171, 4717608, 57696, 420765, 43952, 3786, 621979, 120371, 934
18827072, 19309758, 9413830, 9655163, 4707191, 4717606, 57700, 420805, 43977, 3761, 621956, 120320, 936
18827088, 19309805, 9413811, 9655145, 4707176, 4717611, 57768, 420816, 43916, 3786, 622032, 120178, 934
18827079, 19309768, 9413816, 9655154, 4707195, 4717623, 57759, 420764, 43965, 3776, 621976, 120414, 937
18827041, 19309779, 9413829, 9655176, 4707178, 4717607, 57638, 420859, 43960, 3822, 621960, 120223, 939
18827037, 19309763, 9413832, 9655144, 4707170, 4717620, 57686, 420780, 43965, 3832, 621952, 120229, 934
18827059, 19309771, 9413831, 9655178, 4707189, 4717614, 57655, 420794, 43974, 3761, 621950, 120362, 937
18827068, 19309788, 9413824, 9655158, 4707167, 4717617, 57662, 420786, 43987, 3759, 621953, 120220, 935
18827066, 19309769, 9413810, 9655188, 4707168, 4717621, 57723, 420730, 43969, 3795, 621960, 120380, 939
18827050, 19309770, 9413809, 9655168, 4707152, 4717625, 57738, 420739, 43989, 3819, 621962, 120173, 933
18827077, 19309757, 9413831, 9655163, 4707158, 4717634, 57707, 420765, 43999, 3827, 621942, 120193, 933
18827073, 19309772, 9413789, 9655170, 4707179, 4717622, 57753, 420849, 43988, 3861, 621964, 120222, 933
18827062, 19309775, 9413804, 9655173, 4707179, 4717625, 57675, 420800, 43985, 3770, 621968, 120369, 939
18827068, 19309757, 9413799, 9655184, 4707169, 4717620, 57690, 420849, 44004, 3817, 621961, 120286, 936
18827062, 19309766, 9413806, 9655177, 4707177, 4717598, 57680, 420802, 43973, 3761, 621976, 120180, 933
18827046, 19309783, 9413797, 9655158, 4707152, 4717612, 57762, 420728, 43916, 3857, 621957, 120331, 934
18827052, 19309772, 9413789, 9655157, 4707176, 4717623, 57701, 420780, 43917, 3822, 621969, 120168, 935
18827054, 19309794, 9413804, 9655142, 4707169, 4717614, 57780, 420721, 43914, 3858, 621973, 120363, 937
18827059, 19309772, 9413782, 9655139, 4707189, 4717603, 57681, 420750, 43949, 3839, 621972, 120186, 934
18827044, 19309778, 9413798, 9655148, 4707196, 4717603, 57651, 420717, 43988, 3789, 621967, 120176, 933
18827067, 19309769, 9413792, 9655136, 4707153, 4717606, 57730, 420754, 43960, 3846, 621955, 120183, 933
18827080, 19309781, 9413808, 9655154, 4707162, 4717605, 57712, 420741, 43923, 3810, 621949, 120172, 933
18827054, 19309791, 9413810, 9655158, 4707181, 4717599, 57680, 420834, 43937, 3762, 621944, 120189, 933
18827037, 19309786, 9413801, 9655163, 4707183, 4717620, 57715, 420774, 43984, 3766, 621971, 120234, 936
18827052, 19309790, 9413810, 9655153, 4707183, 4717611, 57703, 420847, 43925, 3812, 621960, 120241, 933
18827064, 19309802, 9413819, 9655139, 4707173, 4717599, 57717, 420784, 43925, 3852, 621961, 120389, 932
18827075, 19309762, 9413827, 9655139, 4707202, 4717609, 57702, 420795, 43936, 3780, 621971, 120417, 936
18827074, 19309781, 9413822, 9655149, 4707182, 4717597, 57711, 420698, 43962, 3851, 621996, 120357, 936
18827037, 19309774, 9413817, 9655146, 4707174, 4717642, 57692, 420696, 43969, 3762, 621948, 120345, 936
18827055, 19309778, 9413813, 9655143, 4707171, 4717647, 57645, 420789, 43963, 3807, 621967, 120303, 934
18827055, 19309760, 9413816, 9655160, 4707167, 4717616, 57696, 420838, 43987, 3760, 621949, 120191, 933
18827071, 19309776, 9413817, 9655148, 4707159, 4717604, 57690, 420729, 43947, 3778, 621946, 120177, 934
18827086, 19309766, 9413810, 9655182, 4707158, 4717619, 57672, 420792, 43985, 3812, 621957, 120189, 933
18827068, 19309781, 9413825, 9655191, 4707153, 4717613, 57702, 420815, 43983, 3826, 621974, 120216, 932
18827058, 19309787, 9413835, 9655170, 4707179, 4717608, 57701, 420833, 43989, 3823, 621962, 120186, 933
18827052, 19309784, 9413838, 9655192, 4707173, 4717629, 57685, 420804, 43934, 3829, 621950, 120247, 936
18827036, 19309757, 9413804, 9655175, 4707179, 4717622, 57696, 420824, 43912, 3761, 621970, 120254, 935
18827046, 19309784, 9413802, 9655169, 4707167, 4717620, 57706, 420700, 43920, 3808, 621972, 120215, 935
18827055, 19309770, 9413797, 9655182, 4707177, 4717617, 57717, 420763, 43915, 3820, 621991, 120178, 934
18827063, 19309790, 9413801, 9655151, 4707158, 4717605, 57672, 420830, 43967, 3764, 621955, 120186, 933
18827067, 19309796, 9413798, 9655167, 4707155, 4717622, 57669, 420780, 43973, 3794, 621989, 120174, 933
18827048, 19309772, 9413799, 9655142, 4707161, 4717614, 57707, 420836, 43921, 3781, 621981, 120228, 935
18827053, 19309777, 9413809, 9655137, 4707175, 4717596, 57653, 420757, 43934, 3833, 621958, 120171, 933
18827070, 19309778, 9413782, 9655151, 4707165, 4717616, 57652, 420767, 43950, 3788, 621987, 120214, 937
18827075, 19309779, 9413807, 9655140, 4707182, 4717617, 57731, 420755, 43958, 3858, 622001, 120325, 933
18827058, 19309768, 9413810, 9655145, 4707177, 4717605, 57714, 420828, 43932, 3785, 621954, 120222, 933
18827073, 19309773, 9413798, 9655151, 4707176, 4717623, 57666, 420769, 43950, 3787, 621962, 120335, 937
18827072, 19309776, 9413802, 9655142, 4707168, 4717622, 57717, 420797, 43962, 3761, 621990, 120212, 933
18827064, 19309806, 9413810, 9655141, 4707167, 4717598, 57726, 420756, 43955, 3786, 621969, 120175, 934
18827079, 19309798, 9413808, 9655147, 4707171, 4717613, 57705, 420757, 43956, 3840, 621960, 120216, 935
18827088, 19309790, 9413795, 9655148, 4707203, 4717605, 57758, 420762, 43919, 3770, 621971, 120203, 935
18827034, 19309770, 9413815, 9655139, 4707170, 4717619, 57693, 420781, 43969, 3827, 621969, 120248, 934
18827038, 19309773, 9413819, 9655155, 4707157, 4717609, 57741, 420819, 43944, 3760, 621960, 120233, 933
18827034, 19309779, 9413837, 9655157, 4707173, 4717611, 57712, 420728, 43967, 3800, 622002, 120177, 934
18827048, 19309791, 9413824, 9655145, 4707157, 4717600, 57723, 420782, 43962, 3828, 621968, 120374, 936
18827067, 19309775, 9413811, 9655166, 4707173, 4717626, 57694, 420783, 43947, 3772, 621962, 120183, 934
18827071, 19309784, 9413825, 9655159, 4707154, 4717622, 57686, 420772, 43965, 3769, 621974, 120374, 934
18827054, 19309788, 9413813, 9655160, 4707156, 4717625, 57660, 420763, 43917, 3818, 621976, 120184, 933
18827074, 19309783, 9413819, 9655175, 4707162, 4717614, 57689, 420724, 43947, 3834, 621983, 120174, 934
18827049, 19309774, 9413789, 9655151, 4707171, 4717607, 57735, 420714, 43913, 3851, 621975, 120217, 933
18827045, 19309763, 9413790, 9655188, 4707167, 4717617, 57702, 420714, 43921, 3861, 621960, 120204, 933
18827044, 19309764, 9413788, 9655172, 4707161, 4717623, 57721, 420723, 43917, 3762, 621978, 120168, 933
18827069, 19309764, 9413807, 9655176, 4707167, 4717598, 57711, 420789, 43920, 3823, 621982, 120366, 938
18827068, 19309776, 9413789, 9655175, 4707158, 4717608, 57741, 420749, 43945, 3763, 621957, 120404, 935
18827059, 19309786, 9413807, 9655175, 4707167, 4717613, 57710, 420789, 43914, 3762, 621969, 120201, 934
18827057, 19309781, 9413789, 9655154, 4707156, 4717620, 57732, 420875, 44004, 3833, 621964, 120219, 934
18827060, 19309776, 9413802, 9655148, 4707158, 4717612, 57726, 420723, 43983, 3761, 622029, 120294, 932
18827043, 19309784, 9413803, 9655160, 4707175, 4717617, 57742, 420794, 43973, 3763, 622006, 120190, 934
18827062, 19309787, 9413792, 9655136, 4707179, 4717600, 57751, 420762, 43957, 3761, 621962, 120219, 933
18827059, 19309775, 9413807, 9655149, 4707176, 4717609, 57674, 420841, 43932, 3832, 621967, 120181, 934
18827054, 19309779, 9413822, 9655155, 4707186, 4717596, 57693, 420772, 43920, 3852, 621961, 120219, 932
18827055, 19309815, 9413808, 9655148, 4707190, 4717613, 57681, 420742, 43956, 3783, 622000, 120357, 936
18827070, 19309793, 9413831, 9655136, 4707171, 4717597, 57701, 420863, 43926, 3761, 621993, 120380, 944
18827082, 19309806, 9413825, 9655139, 4707177, 4717620, 57744, 420767, 43941, 3761, 621956, 120215, 936
18827082, 19309746, 9413822, 9655159, 4707183, 4717597, 57635, 420773, 43979, 3815, 621970, 120223, 933
18827069, 19309767, 9413825, 9655157, 4707195, 4717602, 57763, 420811, 43931, 3798, 621999, 120270, 933
18827032, 19309769, 9413825, 9655146, 4707165, 4717632, 57699, 420798, 43986, 3808, 621978, 120338, 939
18827054, 19309769, 9413831, 9655146, 4707155, 4717623, 57692, 420794, 43956, 3761, 621967, 120180, 936
18827054, 19309756, 9413819, 9655170, 4707154, 4717598, 57720, 420784, 43959, 3831, 621978, 120251, 935
18827069, 19309777, 9413825, 9655143, 4707164, 4717624, 57678, 420803, 43932, 3830, 621983, 120271, 933
18827068, 19309776, 9413803, 9655189, 4707166, 4717640, 57657, 420831, 43981, 3762, 621947, 120282, 933
18827070, 19309785, 9413822, 9655189, 4707155, 4717637, 57723, 420735, 43958, 3783, 621974, 120192, 933
18827069, 19309760, 9413834, 9655167, 4707156, 4717627, 57666, 420762, 43952, 3782, 621981, 120272, 935
18827064, 19309791, 9413835, 9655169, 4707162, 4717607, 57704, 420701, 43923, 3790, 622022, 120476, 939
18827061, 19309797, 9413818, 9655173, 4707177, 4717631, 57717, 420773, 43989, 3795, 621957, 120177, 934
18827053, 19309775, 9413798, 9655161, 4707179, 4717603, 57717, 420800, 43923, 3822, 621996, 120211, 938
18827066, 19309769, 9413790, 9655187, 4707167, 4717613, 57713, 420752, 44016, 3772, 621961, 120391, 936
18827059, 19309779, 9413795, 9655178, 4707159, 4717611, 57722, 420687, 43957, 3840, 621970, 120411, 938
18827058, 19309786, 9413792, 9655154, 4707156, 4717615, 57759, 420768, 43965, 3786, 621960, 120373, 933
18827071, 19309759, 9413795, 9655145, 4707164, 4717596, 57672, 420831, 43967, 3828, 621949, 120195, 934
18827058, 19309773, 9413800, 9655142, 4707182, 4717608, 57717, 420732, 43915, 3776, 621951, 120273, 933
18827039, 19309767, 9413803, 9655151, 4707197, 4717599, 57760, 420766, 43924, 3783, 621978, 120183, 933
18827062, 19309790, 9413782, 9655158, 4707173, 4717601, 57717, 420708, 43923, 3825, 621951, 120237, 933
18827056, 19309786, 9413811, 9655154, 4707182, 4717620, 57708, 420744, 43983, 3780, 621997, 120374, 936
18827052, 19309775, 9413819, 9655145, 4707165, 4717610, 57745, 420746, 43983, 3831, 621975, 120366, 938
18827049, 19309787, 9413808, 9655138, 4707200, 4717617, 57724, 420818, 43925, 3813, 621962, 120294, 940
18827056, 19309787, 9413795, 9655158, 4707190, 4717607, 57713, 420798, 43920, 3835, 621972, 120195, 934
18827080, 19309795, 9413811, 9655154, 4707166, 4717617, 57771, 420724, 43919, 3833, 621996, 120361, 935
18827072, 19309769, 9413825, 9655136, 4707195, 4717610, 57727, 420784, 43920, 3853, 621952, 120342, 935
18827031, 19309757, 9413822, 9655142, 4707167, 4717602, 57708, 420784, 43981, 3833, 621944, 120240, 933
18827045, 19309770, 9413825, 9655157, 4707170, 4717616, 57666, 420785, 43968, 3760, 621949, 120205, 935
18827045, 19309766, 9413832, 9655152, 4707173, 4717638, 57665, 420777, 43985, 3784, 621986, 120177, 933
18827053, 19309779, 9413834, 9655178, 4707190, 4717621, 57741, 420746, 43929, 3817, 621950, 120252, 939
18827075, 19309785, 9413818, 9655145, 4707176, 4717649, 57678, 420786, 43942, 3830, 622005, 120265, 939
18827061, 19309768, 9413813, 9655164, 4707177, 4717637, 57699, 420783, 43985, 3831, 621961, 120214, 934
18827064, 19309769, 9413819, 9655155, 4707165, 4717640, 57702, 420741, 43989, 3766, 621964, 120217, 934
18827057, 19309785, 9413829, 9655167, 4707174, 4717634, 57709, 420780, 43963, 3799, 621955, 120255, 939
18827055, 19309781, 9413783, 9655178, 4707165, 4717601, 57693, 420720, 43915, 3859, 622009, 120217, 936
18827050, 19309796, 9413837, 9655158, 4707166, 4717635, 57665, 420879, 43988, 3821, 621956, 120250, 934
18827063, 19309766, 9413789, 9655163, 4707152, 4717599, 57750, 420787, 43920, 3766, 621979, 120301, 936
18827060, 19309779, 9413795, 9655182, 4707170, 4717619, 57714, 420738, 43994, 3828, 621949, 120217, 934
18827074, 19309766, 9413807, 9655188, 4707156, 4717614, 57721, 420724, 43924, 3780, 621978, 120320, 936
18827068, 19309787, 9413807, 9655185, 4707164, 4717609, 57727, 420718, 43926, 3827, 621986, 120189, 934
18827057, 19309779, 9413782, 9655154, 4707170, 4717608, 57716, 420702, 43935, 3814, 622018, 120407, 937
18827050, 19309769, 9413795, 9655151, 4707152, 4717596, 57716, 420765, 43916, 3843, 621954, 120267, 934
18827051, 19309764, 9413797, 9655155, 4707198, 4717622, 57687, 420758, 43923, 3837, 622050, 120485, 937
18827052, 19309781, 9413783, 9655136, 4707165, 4717610, 57778, 420736, 43915, 3793, 621987, 120226, 932
18827070, 19309782, 9413800, 9655161, 4707162, 4717600, 57669, 420766, 43951, 3842, 621963, 120227, 936
18827065, 19309771, 9413802, 9655142, 4707171, 4717614, 57786, 420802, 43964, 3762, 621982, 120203, 935
18827058, 19309806, 9413809, 9655136, 4707177, 4717613, 57774, 420718, 43917, 3847, 621981, 120189, 934
18827056, 19309809, 9413816, 9655140, 4707158, 4717609, 57713, 420803, 43914, 3851, 621959, 120273, 936
18827085, 19309799, 9413819, 9655139, 4707161, 4717613, 57705, 420769, 43945, 3811, 622009, 120183, 934
18827085, 19309788, 9413802, 9655141, 4707183, 4717613, 57717, 420738, 43961, 3783, 621948, 120170, 934
18827089, 19309748, 9413832, 9655142, 4707197, 4717599, 57729, 420763, 43961, 3822, 621960, 120174, 934
18827031, 19309793, 9413816, 9655166, 4707158, 4717601, 57684, 420803, 43987, 3760, 621957, 120328, 940
18827064, 19309772, 9413805, 9655149, 4707168, 4717616, 57698, 420782, 43956, 3760, 621946, 120283, 939
18827074, 19309772, 9413826, 9655138, 4707165, 4717623, 57666, 420798, 43967, 3798, 621959, 120174, 934
18827079, 19309769, 9413825, 9655169, 4707164, 4717628, 57720, 420760, 43938, 3823, 621970, 120306, 935
18827076, 19309790, 9413815, 9655151, 4707155, 4717613, 57693, 420782, 43991, 3798, 621995, 120203, 933
18827065, 19309781, 9413798, 9655166, 4707177, 4717632, 57718, 420814, 43986, 3801, 621973, 120198, 933
18827049, 19309784, 9413837, 9655178, 4707165, 4717630, 57707, 420817, 43941, 3761, 622029, 120168, 933
18827073, 19309768, 9413834, 9655173, 4707162, 4717633, 57728, 420840, 43946, 3761, 622054, 120329, 935
18827060, 19309790, 9413834, 9655173, 4707156, 4717648, 57714, 420769, 43985, 3760, 621957, 120214, 932
18827058, 19309770, 9413799, 9655176, 4707178, 4717607, 57695, 420761, 43990, 3782, 621955, 120235, 934
18827067, 19309769, 9413805, 9655176, 4707178, 4717620, 57685, 420789, 43915, 3834, 621965, 120194, 933
18827052, 19309770, 9413789, 9655163, 4707159, 4717621, 57759, 420823, 43921, 3789, 621952, 120210, 934
18827049, 19309775, 9413801, 9655145, 4707176, 4717610, 57771, 420768, 43937, 3771, 621972, 120237, 933
18827070, 19309786, 9413788, 9655138, 4707167, 4717620, 57780, 420697, 43985, 3762, 621955, 120180, 933
18827076, 19309759, 9413789, 9655154, 4707167, 4717599, 57725, 420730, 43920, 3779, 621952, 120260, 936
18827051, 19309784, 9413795, 9655161, 4707152, 4717610, 57659, 420856, 43955, 3850, 621957, 120171, 932
18827043, 19309757, 9413805, 9655141, 4707171, 4717619, 57719, 420743, 43944, 3848, 621961, 120349, 935
18827048, 19309773, 9413814, 9655147, 4707183, 4717618, 57672, 420792, 43914, 3786, 621944, 120401, 937
18827068, 19309787, 9413807, 9655143, 4707158, 4717601, 57713, 420788, 43995, 3813, 621957, 120179, 933
18827042, 19309785, 9413800, 9655139, 4707182, 4717608, 57737, 420724, 43914, 3760, 621972, 120178, 934
18827076, 19309812, 9413806, 9655161, 4707194, 4717614, 57753, 420737, 43938, 3762, 621954, 120186, 934
18827076, 19309778, 9413790, 9655146, 4707193, 4717605, 57742, 420762, 43949, 3807, 621944, 120347, 935
18827085, 19309795, 9413801, 9655163, 4707185, 4717608, 57715, 420733, 43930, 3761, 621959, 120216, 934